{
    "model_architecture": "ConditionalVAE_1",
    "epochs": 100,
    "stop": 5,
    "latent_dim": 128,
    "loss_function": "mse",
    "timestamp": "20260601_184438",
    "final_metrics": {
        "is_mean": 2.994563102722168,
        "fid": 195.54564971351022,
        "ssim": 0.4710249196629863
    }
}